,WT
0,1.05892747946558
1,0.899961696712387
2,0.987642734793414
3,1.4438039461918997
4,0.726139245472772
5,1.0363370432505201
6,1.08703988369327
7,1.31888779507176
8,1.54404339038716
9,1.3943711398628997
10,1.14500940321502
11,1.4395986858549898
12,1.2160553284823201
13,1.2320093592906398
14,1.0400363626953
15,1.07227433085462
16,0.9996484400435841
17,0.7449376032958
18,1.19507376796078
19,0.761144796586744
20,1.41036886792589
21,0.82204760150763
22,0.8210386702449441
23,1.1281887170916
24,1.1478461528561201
25,0.964744231535565
26,1.01298779193642
27,0.977910306752533
28,1.4076298863878998
29,0.817718034900034
30,1.09772912788933
31,1.85155627829923
32,0.97948016228937
33,1.6647650405746799
34,0.862272613336955
35,0.971628618269622
36,0.906840782860376
37,0.966279435577648
38,0.7917658868272941
39,1.48163655632846
40,0.8801443725020641
41,1.16332789327118
42,2.3219164104334
43,1.4855265573868897
44,1.04006189415111
45,0.8604776117340559
46,1.08610351669221
47,0.730416839557904
48,1.35665214218829
49,1.12746116879357
50,1.19279520913014
51,1.28357217476554
52,1.09365249765881
53,1.3507220330150198
54,0.94311313906213
55,0.8995855676413521
56,2.15776156640661
57,1.44211920801063
58,0.9778498385077009
59,0.8363791377600358
60,1.09726844244642
61,1.4815009866483
62,1.32095961939894
63,1.16474703306095
64,0.9171123278764941
65,1.17936435161527
66,0.964928053929638
67,1.74297972099978
68,1.0438754757493298
69,1.3991249676409998
70,0.7652218885098291
71,1.7710966357559499
72,1.29548705081976
73,0.933794719212514
74,0.955218073156607
75,0.854153694447473
76,1.03890514295599
77,1.44211753039398
78,0.8800397804128741
79,0.7989565448136079
80,0.8226510493747621
81,2.07345118574132
82,1.31602391993811
83,1.44083220336097
84,1.46269708472376
85,1.69944881895941
86,0.9688842475571479
87,1.03372024775851
88,1.3937496383938999
89,1.01659409944141
90,1.15092256972223
91,1.9969265773013503
92,0.8732397717222651
93,1.01468959331713
94,1.11026654625481
95,1.11141834853936
96,0.967926890244735
97,0.962701623190039
98,0.8229317865057959
99,1.08690531637693
100,1.15208192549833
101,1.15310911750638
102,0.951754356238239
103,0.8420781707132041
104,0.902939499827699
105,1.2547677288782901
106,1.21942075461827
107,1.05842969240572
108,0.9935532433501499
109,0.874307485128516
110,0.9991814521056971
111,0.9439827624631929
112,0.9569454400606621
113,1.6044807462780901
114,1.02162312572854
115,0.938721527148446
116,1.06619770506305
117,1.06222757106749
118,0.8888308623266891
119,1.0323652219568902
120,1.10513289571656
121,1.3255979422056599
122,0.7979919282280509
123,1.2945023167287
124,0.9097100925524599
125,1.15019516452244
126,0.7444072175434772
127,0.8164863018550951
128,1.50672780351455
129,0.907556985408445
130,1.06146568826535
131,1.22868575872641
132,0.8775595799395269
133,0.8855731775979351
134,1.06243226712159
135,0.979490188513393
136,1.21773991231949
137,1.41597289482079
138,1.05406199928749
139,1.1614615448985302
140,0.9994505217642379
141,0.8750504027543271
142,0.889922901293321
143,0.812166885164468
144,0.897638518569998
145,0.9749195373464921
146,1.34285938406117
147,1.84172119137086
148,0.8897564955879229
149,0.7820767163414821
150,0.765983833901432
151,1.14640507275212
152,0.7900498592359569
153,1.40290157524578
154,0.9549110917905079
155,1.2246720109220501
156,1.1113345040945701
157,0.9053512746446278
158,0.9536031640177051
159,1.20527482690401
160,0.859997406677451
161,1.17163158161264
162,0.799916571115029
163,0.692439112356378
164,1.1508998154469499
165,0.7591919950070121
166,0.924635432867226
167,0.9479519775101409
168,1.28502818289465
169,1.1581230048943603
170,1.5906831499725902
171,0.703859588236479
172,1.1033216374443502
173,0.7800601332370509
174,0.918947840937126
175,0.7624357125353449
176,1.20587847641948
177,0.8680221193024391
178,1.05542262975339
179,0.990746871689298
180,0.8912158696043341
181,1.2836097216301798
182,0.710150958234365
183,0.990486976646373
184,0.8626638199072559
185,0.992545441782625
186,1.1276613667085902
187,1.2118638024364499
188,0.9145956442320241
189,0.8666247315818821
190,1.15663969192839
191,1.34028955443527
192,1.32381924797176
193,1.10085228382966
194,1.08277287291355
195,1.00239078459727
196,0.845580442746347
197,0.6997244434772522
198,0.8388992600572359
199,1.01093493804762
200,0.7887113842329151
201,1.36976566218358
202,1.45770085393532
203,1.0494705602371401
204,1.1070055072918101
205,1.01443088743864
206,0.923506210732451
207,1.19762059156444
208,0.8338006017252758
209,1.11195346335569
210,1.34384542061178
211,1.15888342067183
212,1.01250839537137
213,0.8697399128412301
214,1.2036271110493
215,1.35816025792458
216,1.36969643061259
217,0.8102024059091272
218,0.878638197685825
219,1.0802797947138298
220,0.821935086698543
221,2.3453884723625698
222,1.0154685935764498
223,0.71381109343521
224,1.0154559281801
225,0.940013056724374
226,0.867113061368499
227,1.10623694582626
228,1.0522669368642
229,0.9755719544349889
230,0.72415074568029
231,0.7358774922697789
232,0.776571105213548
233,1.4517179198844499
234,1.83993304508771
235,1.1910400748283798
236,0.985245392538817
237,1.00058632980232
238,1.0635522796408199
239,0.987896313900961
240,0.8032105001110309
241,0.9840261306378759
242,0.9479968050638671
243,0.873730984849967
244,0.8622090036157579
245,1.14097909364156
246,1.06850345487324
247,0.914345562762023
248,0.7858540339347421
249,0.930011639820534
250,1.4164088022862198
251,1.1630304375298501
252,0.8084295994154309
253,0.8362860760257409
254,0.8270468892195959
255,1.18379286209972
256,0.8543532467306191
257,1.17855271858435
258,1.00641703468088
259,1.07510519316433
260,1.06357256092388
261,1.13391692222715
262,1.11755424921276
263,1.4817515454641599
264,0.8309919863580699
265,0.6985722839206571
266,1.06124975235947
267,0.7293983928403192
268,1.4698968019633702
269,0.802966792286338
270,0.924134133699705
271,1.00170885205171
272,1.38426185062124
273,1.79430402022356
274,0.9602555797931179
275,0.84069118294963
276,0.9436084692426209
277,0.901865782200621
278,1.86165878715786
279,1.10186029794857
280,1.18611636102492
281,1.19119194371305
282,0.887207546211793
283,1.43472671045277
284,0.9889131648661591
285,1.26535741398175
286,1.23739172960106
287,0.7931972370895909
288,1.03470695887608
289,0.9815427833994069
290,1.0020252614546301
291,1.18840579509374
292,0.7480246316444901
293,0.9738537342135359
294,0.8452779502604179
295,0.9806372118719471
296,1.15966864574443
297,1.28385646207399
298,0.7178518012655941
299,0.9410100385001479
300,1.11095139624101
301,0.7356459569995519
302,0.862490085724902
303,1.0787409448932799
304,1.05260959808232
305,0.848081985564491
306,1.51636776533763
307,0.7621290707447042
308,1.20384296746493
309,1.08808787899724
310,1.15043821610762
311,1.1062438510264598
312,0.6619880089182729
313,1.31985063854525
314,0.863104402266526
315,1.21182869282989
316,1.16012769574967
317,1.01760029621773
318,0.8235539219738679
319,0.9526615990820971
320,0.9925708861347591
321,0.7791792439463859
322,0.846921048288043
323,1.07414561490722
324,1.16951511077842
325,1.13032037104289
326,1.0258528368667599
327,1.40550067837246
328,0.7487709640371389
329,1.03254857137951
330,0.904381570237546
331,1.5838377980599099
332,0.96888421540103
333,0.7955116726261758
334,1.33947636829529
335,0.953358548038491
336,1.05420235196353
337,1.12182745564466
338,0.910057857812967
339,1.2848495426903
340,1.16076061681363
341,1.5460920034516699
342,1.00932326308113
343,1.11099781246132
344,0.923673369134471
345,0.880081627239573
346,0.7130596890697659
347,0.9032796959070342
348,0.9496633643015991
349,0.813757613739022
350,2.1677027468106003
351,0.752874148582793
352,1.10663987428456
353,2.07822850456855
354,0.722943451992869
355,1.00032562233565
356,0.963867820709818
357,0.9237467040416519
358,0.868461181809795
359,1.0356262900033801
360,1.3892970183973898
361,1.0740594079527799
362,0.8996605281049609
363,1.21745930239953
364,1.0701268802053499
365,0.707416007326069
366,1.8250017555637899
367,0.970174608946331
368,1.24723487694652
369,0.8786928522331859
370,0.7708025905452991
371,0.9961030300158399
372,0.8429505382796461
373,1.05212601670061
374,2.3770597214033797
375,1.0015982519249
376,0.85599899502957
377,1.23946905148501
378,0.7607969330468101
379,1.16375364932805
380,0.906964623005141
381,1.49944272706144
382,0.7629071051149301
383,0.960846923104831
384,1.7630225476796002
385,1.02309074877366
386,0.802800841025144
387,1.5744362386652198
388,0.841315361669004
389,0.928473660390203
390,1.02932003859727
391,0.864608833397098
392,1.0397022589412201
393,1.03119208555224
394,1.2788282523578798
395,1.16688795294412
396,0.9130247425157242
397,0.9292564256607171
398,1.18726218782315
399,1.38986521891401
400,1.21726576410935
401,1.06838776345824
402,0.793732590419221
403,1.04601993031987
404,1.76552318804957
405,0.801853733797895
406,0.9790215094794609
407,1.07913579972719
408,0.9650711617380071
409,0.967262263584394
410,1.1398331836096203
411,0.8802249684594129
412,0.967343108993865
413,1.2101964390563602
414,0.900289414678497
415,0.959484885150988
416,1.7202164879785902
417,1.49108092380604
418,1.0126604171565898
419,1.1367897223052
420,0.7811338957115859
421,0.9729754670401609
422,1.40369613229772
423,1.5861328411803501
424,1.19570094766726
425,0.8682501396005009
426,0.9326827112407391
427,1.06321352094494
428,1.11996648633818
429,1.2451802946389
430,0.8579559772656329
431,1.0497358863900699
432,0.825817532698759
433,1.3624965860866698
434,1.15454983128296
435,1.16881136819095
436,0.77129832667491
437,1.11460034035504
438,0.8028122063397289
439,0.900463742606274
440,0.875464053135077
441,1.2757598566733999
442,0.8443552046237109
443,1.25795767262992
444,1.49534714518263
445,1.4773614454908202
446,1.2292473874667
447,1.4279457961682098
448,0.9311769911445749
449,0.921563039182713
450,0.9197791409460708
451,0.9816731473194109
452,0.829016419009348
453,0.738488750451811
454,0.907187027861734
455,0.9129868574956791
456,0.9441057903179921
457,0.795308355752088
458,1.4900536744666102
459,1.02339392894199
460,1.11467309344383
461,1.29832811294072
462,1.4691527259159898
463,0.9192130279065279
464,0.9141437841862591
465,0.936330288074675
466,1.11088607330631
467,0.8870722705125809
468,0.867731959624427
469,1.0160345383520402
470,1.0367449930327601
471,3.18839479442779
472,0.9761024412411159
473,0.8100200535195949
474,0.8517052788981629
475,1.29623701626093
476,1.5242324426677298
477,1.3292193830735
478,1.5348963070700201
479,0.857421621109162
480,0.8136477035913691
481,0.772538058806391
482,1.93515181841741
483,1.20587604781256
484,1.2668771642789098
485,1.3661051217545601
486,0.891775741798191
487,1.08407574496755
488,0.7509115873956179
489,2.27287533889679
490,0.8445378941756949
491,0.958485744503004
492,1.26035791162464
493,0.8133810342346101
494,0.827657908356172
495,1.9540188145525401
496,1.07292951139414
497,1.32233690393724
498,1.00034071929085
499,1.10444063361323
500,0.994461621280389
501,0.846749696212033
502,1.08167354600897
503,1.09231346330815
504,1.07040833728327
505,0.9324444166741841
506,0.7640184706296709
507,1.2490801262048201
508,1.0331678314692099
509,0.9389970647026551
510,1.1951032486805702
511,1.2467698732939798
512,0.8974775027298559
513,0.9053838611993341
514,0.929543966017513
515,1.18573428076095
516,0.997025773744782
517,0.8218165713789641
518,0.944599752262274
519,0.994750748579265
520,0.8819083032357671
521,1.0971425041204101
522,0.7618627375857641
523,1.22866700909595
524,0.844477461537091
525,1.10076966989258
526,1.09590202963902
527,0.9401721263033509
528,0.9795550092082981
529,0.95852956033926
530,0.987862047415836
531,0.9934210114421139
532,0.9463659281762521
533,1.08850311253888
534,1.1482891361695602
535,0.891935191012135
536,0.9512060472859979
537,0.995698330469971
538,1.45198411081806
539,0.7615579909414009
540,0.8935401539060139
541,0.9658471257847099
542,0.9051704265817591
543,1.1821821508236598
544,0.9631358343592891
545,0.9400633614561831
546,0.9823879701317951
547,0.842458179813641
548,0.8143320363738149
549,1.32784542275498
550,2.01891260549476
551,0.793203586796011
552,0.7728699510700351
553,0.809204691921502
554,0.7419531991433579
555,1.13327610829382
556,1.0817565504486801
557,0.920249560599612
558,1.0837200909206701
559,1.02164740246146
560,1.16782480757823
561,1.15912551147242
562,1.16515043105405
563,0.8807071950453779
564,1.20335097040019
565,0.9748594304213059
566,1.26650017779293
567,1.4618641618307502
568,1.06134450392105
569,1.81520048013266
570,1.10209245950417
571,1.4594256434749198
572,0.999062724370123
573,2.1817443077510803
574,2.59346352050227
575,1.4785690577583999
576,2.6633730983642203
577,1.11885779378874
578,0.998469197832768
579,0.85598932064696
580,1.4196806782678202
581,1.31748477348827
582,1.0241948319723002
583,1.1984078998576202
584,1.1695134078825902
585,0.8120313390928221
586,0.9581811269371441
587,1.3396816886321699
588,2.05305984525058
589,1.99832927267547
590,1.10849197169327
591,0.8246897668710509
592,1.28033864426532
593,1.2606431054020102
594,1.2992307905917
595,1.0385880989801601
596,1.20971207580415
597,0.916854407300302
598,0.967910723776287
599,1.2348585555443798
600,1.91185228552286
601,1.3535141598331601
602,1.5478329752713098
603,0.866823774681058
604,1.13226192988198
605,1.6278355353432
606,1.56521509144564
607,0.9081486084120319
608,1.3095525105694699
609,1.2603051860402
610,1.11900095954926
611,1.17775893043405
612,1.4134526558876002
613,1.08654270338611
614,0.722588046930968
615,1.06829772435779
616,0.8361660399583509
617,1.04091822629427
618,1.22976981814201
619,1.17187703767076
620,2.56344486907295
621,1.30965279768557
622,0.922343612471995
623,1.5950298713992501
624,1.04933617310223
625,1.4399063660255802
626,1.07684153329658
627,1.78807989529268
628,1.00127068540403
629,1.36251630201118
630,1.1789578273864398
631,1.6957776740405
632,1.67016401140493
633,1.02997740447587
634,0.916530227878124
635,1.14366572620734
636,1.3592391511621897
637,1.2167981697466899
638,0.8038852111549408
639,0.80236489479791
640,2.4688239908719103
641,1.31395796559451
642,1.35709550630517
643,0.9011608197275729
644,0.7202000166042991
645,1.15076939488881
646,1.9537439861141002
647,1.69726483893766
648,1.06238212528837
649,1.1010011023858999
650,1.4909821496474298
651,1.3977980710749998
652,1.54162530767245
653,1.5145990051516798
654,1.7185647355094702
655,1.3516884364639599
656,1.1800487477763402
657,1.0983838466006899
658,1.4491527942526699
659,0.768363557827994
660,0.8670688800291501
661,1.45053104990978
662,1.2685731821383202
663,1.7866078758358401
664,1.2172400262237801
665,1.0106896574677
666,0.9862691191528492
667,1.38903512412537
668,2.04410245129375
669,0.8288417094816841
670,0.6994556866707321
671,1.05484584709854
672,0.8838536852574208
673,1.0689954386365301
674,1.3548302338758103
675,0.996469432389177
676,0.808999805430579
677,1.37616224236402
678,1.56685924342855
679,2.4910235690018703
680,0.7730636884156591
681,0.9056904946399179
682,0.7657605843366491
683,1.00645854500715
684,0.982731331062408
685,1.37014042317303
686,0.975259062283583
687,1.8293901061054298
688,1.25430236584807
689,1.2050254721942601
690,1.02871337297094
691,0.894879215822394
692,1.2069636379908601
693,1.3790232719226998
694,1.0510559341644399
695,1.4267015245846
696,0.970541653171915
697,0.793491708998521
698,2.12025436197312
699,1.22341860443881
700,0.8657745954897501
701,0.7998520323803249
702,0.9074482278718279
703,1.58371092964765
704,1.55093962281059
705,1.6203331523761397
706,1.3569160582238702
707,0.993364323810115
708,1.70737278692738
709,1.17575707607293
710,1.26176499655673
711,0.824161365631237
712,1.790419270987
713,1.09247048164147
714,0.8842191116850029
715,1.4868363201269599
716,0.8834813788235121
717,1.12820807033627
718,2.95522443824029
719,0.971233758718053
720,1.1485933878026
721,1.53152502622471
722,0.8353007761854059
723,1.92640669098243
724,0.8280041025983108
725,0.794304332888647
726,1.5367263263479998
727,0.886664586414366
728,1.3804409591066997
729,1.24636411049177
730,1.1317637040986699
731,1.81739975111691
732,1.12623794206127
733,1.3369606940804801
734,0.903971798484838
735,0.9349980023712209
736,1.7480022091798701
737,0.957896576602003
738,1.3629951636304298
739,0.890593440675569
740,6.99989566570986
741,0.856066148323433
742,1.15403143820521
743,0.7750853614731128
744,0.9503969785361078
745,1.2138892953525802
746,1.28213097783743
747,1.0223679271608899
748,0.9095236355013341
749,1.22175759935885
750,0.9030401471956571
751,0.8397891944472291
752,0.971746831846101
753,1.29222958477753
754,2.0526414143038503
755,0.9715441747104009
756,1.49217854220249
757,0.8434566921732
758,1.01697917920826
759,1.0963905836288002
760,0.9870752784564351
761,0.8577071314771679
762,0.733238212097764
763,1.08238521852025
764,0.9948831952560909
765,1.1837825634189298
766,0.916466911871876
767,1.27524208014553
768,0.792621934432437
769,0.8477160537305559
770,0.960647635621386
771,0.76361916378377
772,1.09021008393364
773,0.859960038501803
774,0.8055473877544209
775,0.8825942870571579
776,1.40256744835565
777,1.20714875304491
778,0.907386160228437
779,1.4322397760375198
780,0.9083480988804309
781,1.40641016300435
782,0.84365260915991
783,1.7405146626246002
784,0.819974291055775
785,1.06115409749952
786,1.10132842791378
787,1.00648371848165
788,1.2013482272976899
789,1.24617485522155
790,0.927098445427835
791,0.9116968740907959
792,1.44705577009388
793,0.823145310821784
794,1.3676150810589298
795,0.8220928018179399
796,1.08560295616135
797,1.48956342146525
798,1.42864199442942
799,0.8312188164960571
800,1.31144824267875
801,0.8580186735126341
802,2.07431520935004
803,1.20156153257142
804,0.9489366337450609
805,0.7785377843295179
806,1.07679677397835
807,0.9260424508926809
808,1.49589035754209
809,1.56973525543555
810,0.8915359880230691
811,0.951032660473751
812,1.02856967115398
813,1.98442656903821
814,0.9670207514774258
815,0.763346637674468
816,1.2374516906783002
817,1.17950611069039
818,0.7172585186417909
819,0.9538861446215171
820,1.53992291686407
821,0.891865491491824
822,0.9290741387529909
823,1.09479488091527
824,1.01028749516672
825,1.08515126222618
826,0.858163627740975
827,1.04039279201022
828,1.58167778901469
829,0.9918448944584849
830,1.54912547661449
831,0.8165704296521229
832,0.9420799694426141
833,0.9633619854197809
834,1.07845230170459
835,0.905059381081547
836,1.00260205116751
837,0.8124077135484742
838,0.828469480868413
839,0.883285059872377
840,1.2151603087491
841,1.6436921706788301
842,0.932641462311973
843,0.7095966091838171
844,1.5491877169759598
845,0.7331913822352679
846,0.759760293167962
847,0.987162851856427
848,1.23376227173482
849,1.4456173816227
850,1.4495808695246801
851,0.9323005693630458
852,0.9528784273434209
853,0.967670941705777
854,0.847003793033596
855,0.9162954746095671
856,1.02568668821251
857,1.07166789383291
858,0.7955088314402579
859,0.94734301049712
860,1.69008807111952
861,0.877600958594678
862,0.777090103782966
863,0.7850346411441099
864,1.25183465434098
865,0.7381183170982729
866,0.7067112776658749
867,1.07643491711147
868,0.646560298248562
869,1.1323823794095702
870,0.928103842568823
871,0.83554965278762
872,1.05997657924193
873,0.860010625638853
874,1.0608053085097
875,1.14849258042496
876,0.768081022307525
877,0.8191288536994591
878,1.2339791672908602
879,1.02836148679958
880,0.8409004707460139
881,0.862445750138274
882,0.778787495674021
883,1.11562601497972
884,0.878179707388728
885,0.9714890576477909
886,0.951389454639456
887,0.7966575279587491
888,0.8927329917526681
889,1.29786986543589
890,0.857213227300784
891,0.8539322389297651
892,0.9076024328939579
893,1.88735224853783
894,0.9233212929174979
895,0.8430571199621371
896,1.0808040121172902
897,0.7746488142109291
898,0.983568697345197
899,0.81526398135895
900,0.889024747556465
901,0.9146059075864191
902,1.04935556372537
903,0.77516501273725
904,1.1026988317250301
905,0.966285189723475
906,0.71525884431669
907,1.5609548601799599
908,0.9517677733488391
909,1.0776520508721
910,1.1260161566382398
911,1.31671087093778
912,1.04027951965281
913,0.959421987170488
914,0.7487268540725991
915,1.2464260230063
916,1.27536005150977
917,1.3281456209366
918,1.1549806480743998
919,1.03917303212633
920,1.4831363269182802
921,1.1918855315134198
922,0.70023607606031
923,1.3505340666991699
924,1.07916673128404
925,1.3501058859797799
926,0.7833743881913
927,0.9690725625860078
928,1.6329511935301
929,0.791670370818825
930,0.8404921284426221
931,1.9585830778059798
932,0.86591871926137
933,0.8407717574347779
934,1.12998020951332
935,1.02048263424444
936,1.08431172710462
937,0.729623409542872
938,1.0414127319131001
939,1.2864307880146202
940,1.1565531378071598
941,1.15438147487352
942,0.9987251628772309
943,1.5635215923384198
944,0.9021548521112809
945,1.19554150359258
946,1.1104213120036799
947,0.8541622692413491
948,0.7270623306899999
949,0.852806063420565
950,1.23494234552295
951,0.7499228289908259
952,2.40051019934153
953,0.919645342018808
954,0.8746592216662391
955,1.28491314021352
956,1.05217470757107
957,1.00930577504779
958,1.9869532830071002
959,0.9720466538081619
960,0.7994897198655121
961,1.08573791506216
962,1.58238297258293
963,1.0151443348684002
964,0.8184299740870759
965,0.9993925212991179
966,4.39639315692856
967,0.838440907261655
968,1.05095812699519
969,6.0200288617631195
970,0.891789682104547
971,1.5428748334082698
972,1.01612908249356
973,1.33964816392049
974,1.36664275553888
975,0.996220531320438
976,1.07556437906786
977,0.9890086422491491
978,1.4798674521285502
979,0.900246890824115
980,1.14677539499796
981,1.15063803433362
982,0.8673795828294009
983,1.12699708706898
984,1.24635375772766
985,1.0309211108896
986,1.34187836631321
987,0.8766441073729109
988,3.4371665803000497
989,2.16009827580559
990,0.837087298484372
991,0.8254461902459829
992,1.57685179125168
993,1.1774400960511398
994,1.59956401508821
995,0.9270846601505391
996,0.992246010271061
997,1.0030503000036501
998,0.941927632896297
999,0.8735359015028
1000,1.3000615371450401
1001,0.785817958928377
1002,0.875336349056558
1003,0.8940943749890471
1004,1.2463063356402
1005,1.1603292571731698
1006,0.972279434537337
1007,1.6752334017007802
1008,0.9948815754017549
1009,1.4190243074630902
1010,1.29755253834795
1011,0.9305742973577371
1012,0.996739372034729
1013,0.9650183782773142
1014,0.838456691495264
1015,0.8345297374300401
1016,0.7470566956334008
1017,0.952031242770991
1018,1.5267332987956899
1019,1.22716190182172
1020,0.8601137544765151
1021,0.9324615188360541
1022,1.18134537933099
1023,1.03230435492386
1024,1.24473611548653
1025,0.873540661695818
1026,1.010452420274
1027,1.32709414039746
1028,1.0515529583863001
1029,0.706186868440865
1030,1.4805226529482902
1031,0.905249220763139
1032,0.799346963806165
1033,1.12885316064608
1034,0.828639774073678
1035,1.45014798613946
1036,0.971272396528677
1037,0.961775659310035
1038,1.01594143665955
1039,1.34368852689532
1040,1.05555914992275
1041,1.155267375147
1042,1.01957869920861
1043,1.3828859840166297
1044,1.37042358573791
1045,1.1381953318137
1046,1.0900195412486702
1047,1.2244411368245902
1048,1.0642563820850999
1049,0.882136292707582
1050,0.9419797720111321
1051,0.90361447747723
1052,0.9844468748480749
1053,1.46924188690139
1054,1.2407345306706201
1055,1.05399873597445
1056,0.823815560327616
1057,1.27315022156721
1058,1.25184016968783
1059,1.04163311349652
1060,0.8244220458214221
1061,0.931589744737034
1062,1.12570909208619
1063,0.831207640228635
1064,0.7875838226638829
1065,1.21454617951796
1066,0.8996813244066579
1067,0.735914016061869
1068,1.05886281846245
1069,0.91904754252663
1070,0.928001611785384
1071,1.3330876674233798
1072,1.0575720108952098
1073,0.9954206301296
1074,1.51437755608152
1075,0.970612411881547
1076,0.861432891615327
1077,0.8110907739646559
1078,0.903547213137982
1079,2.6030960357788797
1080,0.956468618103136
1081,1.1472085905123999
1082,1.14023228949309
1083,0.7533752250557241
1084,0.875054522564746
1085,1.29793879345772
1086,0.9415260009343399
1087,1.52296687896525
1088,1.13682570453329
1089,1.17733297949815
1090,0.832035189188322
1091,1.5486657176024101
1092,0.6967631781274809
1093,1.05501208424762
1094,0.981822220864042
1095,1.3337471596753798
1096,0.745096435259533
1097,1.18842979558732
1098,0.914873448234767
1099,0.949188393945995
1100,1.8043695579700199
1101,0.76690283149313
1102,0.961702201275364
1103,0.801380756722506
1104,0.7125271446561071
1105,0.8544224441583109
1106,0.8789997307439491
1107,0.9015568131391801
1108,0.8581870879185342
1109,0.8780767392307509
1110,1.0040236351024499
1111,1.03626118545148
1112,0.9517600240477951
1113,1.3463942942533897
1114,0.9563926549960491
1115,1.4787185761520099
1116,0.8192751349851859
1117,1.4539333485877701
1118,0.855014783521695
1119,1.67492174152437
1120,0.8893166734917751
1121,0.922737664887773
1122,1.80933573913094
1123,0.9291367802551159
1124,0.9898267935618129
1125,0.945326704630152
1126,0.822111817449725
1127,0.704962890704284
1128,1.05518358637198
1129,0.639912299086584
1130,1.17922796859367
1131,1.10395302868016
1132,0.955689231782058
1133,0.655534421283116
1134,0.786865850224117
1135,0.8973800710267109
1136,1.08265154679782
1137,1.09465834827473
1138,0.761390769358383
1139,1.02520033086849
1140,0.763060126977889
1141,0.948910448870932
1142,0.987239227144251
1143,0.8129653838061179
1144,0.9525532328088671
1145,0.816044228743492
1146,0.805504145945515
1147,0.7531503690834791
1148,0.9542808938366841
1149,0.862326217763497
1150,0.967998205624662
1151,1.25818334262328
1152,2.95027092170326
1153,0.767893299283295
1154,0.985659998226607
1155,0.720015122511625
1156,1.02062480966885
1157,0.795929829957014
1158,0.8699713261311279
1159,1.04778232089481
1160,1.2197162707826699
1161,1.17912003802457
1162,1.29417555111459
1163,0.759085800207761
1164,1.29969653282931
1165,1.49106211309939
1166,0.9307437751803058
1167,0.660326319737915
1168,0.7160128043976329
1169,0.8809677253955279
1170,0.9075819973950009
1171,0.90778108238178
1172,0.8989590424188009
1173,0.9562759320836429
1174,0.952050098190856
1175,0.8709275642899179
1176,0.9615634087828141
1177,0.7567519823997509
1178,1.03321151946369
1179,1.82797965357081
1180,0.8122056833865521
1181,0.9272079462284821
1182,0.808822532533894
1183,1.2256279267736299
1184,0.752795176610418
1185,0.8183985481063258
1186,0.957581250110728
1187,0.8199627371474009
1188,0.750825133469419
1189,0.834646058757376
1190,0.734995342855333
1191,0.697628169536388
1192,0.9709896846586309
1193,0.907508488673352
1194,1.05737602668177
1195,1.7084634374053502
1196,1.51596875629208
1197,1.00869387149912
1198,0.9117565365767559
1199,0.8286519511091809
1200,1.8130040425226202
1201,0.808180104017999
1202,0.968178125935577
1203,1.18238754878235
1204,1.1066349771655701
1205,0.9038269301868941
1206,1.08203971630071
1207,1.01402135733557
1208,1.19130750414873
1209,0.7397018767045909
1210,0.7598178845914709
1211,1.8137370101236798
1212,0.713038027153384
1213,0.9315762322005721
1214,0.78079794094521
1215,1.0654772384411302
1216,1.5712922593194198
1217,0.821886721159138
1218,0.7552965959616591
1219,1.07610645025554
1220,0.946535115379478
1221,1.44476815127152
1222,1.06239610240991
1223,1.93253311639122
1224,0.964450876263822
1225,1.27304366396289
1226,1.08390711558299
1227,0.906805088656277
1228,1.41707379621398
1229,1.25448903073367
1230,0.977401604068141
1231,1.07547987039134
1232,0.9245859064751941
1233,0.8949358870855358
1234,1.12863062720585
1235,1.05224412482151
1236,0.9396051087276239
1237,1.22526816301428
1238,1.2769993053647901
1239,1.1715330020197299
1240,0.846561117094533
1241,1.87600842443232
1242,0.7245571293445051
1243,1.02213903962633
1244,1.0284872370093399
1245,2.20367916614376
1246,0.9048912600047159
1247,0.8548503818067809
1248,0.85832867881401
1249,1.1321618160333402
1250,1.17840356191941
1251,1.2462312706575
1252,2.18757527071538
1253,0.899889483044136
1254,0.921505801005178
1255,0.9170269892224491
1256,1.01867142405952
1257,1.26247311391378
1258,0.8337130567633649
1259,0.7936217430614408
1260,1.14040649638361
1261,1.3577009993970302
1262,1.1209362377937901
1263,0.846012855776039
1264,0.9654263334781921
1265,0.8437663297634309
1266,0.747956363543621
1267,0.809288806430912
1268,1.24103479083888
1269,0.9401927425824559
1270,0.961994749374848
1271,1.01139704242246
1272,1.0988393346599898
1273,0.892400518634363
1274,0.878572868294645
1275,1.11219368475307
1276,0.9563451564454549
1277,1.17906336563135
1278,0.905042201470612
1279,1.13587950414358
1280,0.914375159017101
1281,2.72446134587937
1282,0.8276199813525179
1283,0.960368540466565
1284,0.889835065991085
1285,1.6819832387343898
1286,1.12430149457049
1287,0.8524295260249649
1288,1.1514340483471799
1289,1.5078346338639
1290,1.28978284657267
1291,0.8132286074255609
1292,0.699485958741845
1293,0.8072025447214191
1294,1.65113492665262
1295,0.937761290478342
1296,1.04183061297864
1297,0.918733134747072
1298,1.47686554847921
1299,0.832035434548116
1300,0.8082902835010859
1301,0.846995118769132
1302,0.7940045653251461
1303,0.913077639320698
1304,0.9137872291150841
1305,1.00641738525895
1306,0.834452861349978
1307,1.0616996246905699
1308,1.21475508787403
1309,0.7039527727480089
1310,0.669386044325506
1311,0.9534212765393529
1312,1.0376955563794499
1313,0.841943440720993
1314,0.84978901578116
1315,1.09257336269874
1316,0.779764845988328
1317,0.823365790291903
1318,0.898247567596756
1319,0.936372800404327
1320,0.8843730040823691
1321,0.7081406460909441
1322,0.99810058743821
1323,0.8260925340233108
1324,0.646856722648343
1325,1.3844764533071003
1326,0.8758810790756101
1327,0.979602758693953
1328,0.840733106958683
1329,0.7620981014686958
1330,1.18370216547115
1331,0.8750768725113809
1332,1.2568567741296999
1333,1.60162666845253
1334,0.765179263198897
1335,0.9985041341903991
1336,0.936644064586875
1337,0.903610111581028
1338,0.834436284788933
1339,1.03447093207176
1340,0.9666019560441421
1341,1.41702476325409
1342,1.0277463700395302
1343,0.780153156409251
1344,0.7494552423254879
1345,1.44825401510953
1346,0.7887107113110929
1347,1.31998278343548
1348,0.7593147570269271
1349,1.0581186545336898
1350,1.03191269117868
1351,0.809842221937701
1352,0.7279091269810559
1353,0.9063790800578341
1354,1.0642122906485
1355,0.873878682720823
1356,0.797164514621879
1357,0.9025034200708308
1358,0.7928346501736491
1359,0.830697344361628
1360,1.67228801934702
1361,2.43058254333489
1362,1.1574777279152
1363,0.833215251945122
1364,0.717971724420947
1365,0.771963195659444
1366,0.823369586357566
1367,0.89855349643136
1368,0.8580975812029641
1369,1.35726926444876
1370,0.8188169033452251
1371,0.7295772789576841
1372,1.04637413394099
1373,0.725823732696538
1374,0.716795128213421
1375,0.819754096046818
1376,0.969073461418027
1377,0.872743022751424
1378,0.9771811124995999
1379,0.886951945211164
1380,1.37756007539796
1381,1.36975195077063
1382,1.04664831816187
1383,0.957325180140973
1384,0.963400459671938
1385,0.969504075311448
1386,0.768847746134749
1387,0.862365387696473
1388,1.33273927995095
1389,0.789199731317278
1390,0.711285389149825
1391,0.760914883826052
1392,1.01983636819781
1393,1.1703492298173201
1394,0.947431469906674
1395,1.7853374655396
1396,0.9941881838650299
1397,0.9439846062550821
1398,0.907685534156379
1399,1.1101475606248898
1400,1.0059726061299799
1401,0.7860941757158371
1402,0.9730666452773441
1403,0.8017180938850251
1404,1.16569164512776
1405,1.04223068658769
1406,1.46124944488998
1407,0.901797216819395
1408,0.7674081878380041
1409,0.8752541196238149
1410,1.07759924765492
1411,0.821962940270633
1412,0.9781121640405859
1413,1.1635062249158898
1414,1.48065167918239
1415,1.5558716805943
1416,0.994079930282119
1417,0.889717715458595
1418,1.0729784848705402
1419,1.09054776457535
1420,1.18708231851323
1421,0.7848280498830591
1422,0.706855335994998
1423,0.732310266871673
1424,1.22735428413258
1425,1.04367805312066
1426,0.9083557696880029
1427,1.24777784607435
1428,0.8197567925110641
1429,1.33215690241241
1430,0.9844865433653879
1431,1.63709735071071
1432,1.44071808599747
1433,0.684971121316285
1434,0.952017784827025
1435,0.8925629912599321
1436,1.17552482451252
1437,0.7754473129664399
1438,0.99542078162626
1439,0.968247003520771
1440,0.8377612454302991
1441,1.01857874638108
1442,0.803321337754253
1443,1.7134326364600199
1444,0.9633119026770269
1445,1.1392928679676
1446,0.9294407162719069
1447,1.16397990647135
1448,1.0991553568436099
1449,0.741534183208968
1450,1.1015856470290601
1451,1.04127802084607
1452,0.73391170883559
1453,0.9273507134375709
1454,0.956185653853147
1455,0.779175441179383
1456,0.8328319789741041
1457,1.19340986506401
1458,0.915945473062782
1459,1.13242486360162
1460,0.9768709825995899
1461,0.927674374396973
1462,0.9563067802305492
1463,0.886410062419282
1464,1.1269570421511101
1465,0.772162573047675
1466,1.20862807167788
1467,0.9732227505323822
1468,1.0207679211704301
1469,1.71105199359502
1470,1.03011729281423
1471,4.98796528510754
1472,1.07641446893932
1473,0.946012998194833
1474,1.17282519832296
1475,0.9359447777748579
1476,0.731673232928254
1477,0.986358400285821
1478,0.7016184697109671
1479,0.765328552009922
1480,1.00310326428803
1481,0.9298554884253689
1482,0.891209003164718
1483,1.0090157723506599
1484,0.772479276828755
1485,1.37279888419649
1486,1.18418044228917
1487,1.15220734791542
1488,0.8143191007701209
1489,0.8881694652415091
1490,0.8588891779300479
1491,0.9234992105631659
1492,0.8867424924565509
1493,0.8259601742225631
1494,1.13554987855695
1495,0.9122098645133672
1496,0.812790429703018
1497,1.00597355063796
1498,0.990802425056371
1499,0.807522054940249
1500,0.950082824884295
1501,0.824886363579664
1502,0.9520712573417309
1503,0.946945938018826
1504,0.913695351850913
1505,0.7772962857241079
1506,0.792068075803843
1507,1.22811508642618
1508,0.891459076500452
1509,0.919782131856015
1510,0.814841305336644
1511,1.2253755473023502
1512,1.01301011512722
1513,1.26245843761
1514,1.01487745924327
1515,0.817393026412023
1516,0.898098681332604
1517,1.30618556074222
1518,1.03840171716498
1519,0.867565223713472
1520,0.948067761349604
1521,0.843420923714756
1522,0.8563065365455659
1523,0.798123070505115
1524,1.15135465185417
1525,0.74337465693608
1526,1.2033713051031398
1527,1.11257757554252
1528,0.8927805877127449
1529,0.7840946999787919
1530,0.774381838069671
1531,1.0630501874681
1532,0.9424846019597919
1533,0.797772570827409
1534,1.52054008012814
1535,0.974575097536878
1536,0.8401491684181508
1537,0.9119391201822891
1538,0.857838644352044
1539,1.03039613649315
1540,1.6457430487587101
1541,1.14234593654001
1542,0.78561543680413
1543,1.1392361812173502
1544,0.828783073313815
1545,0.898355818379728
1546,1.08724986758172
1547,1.01644586983984
1548,1.12350478115046
1549,0.8893427605019301
1550,0.9024084100155259
1551,1.25798657884949
1552,0.824305751615302
1553,0.834972598517202
1554,1.12442592163326
1555,0.8835040476163449
1556,1.6727164376950499
1557,0.9230137702992719
1558,1.05309796108697
1559,1.29064214201124
1560,2.05965027161388
1561,0.9488289434126271
1562,1.45141728883079
1563,0.885838036348647
1564,0.7786738592162521
1565,0.909494711950892
1566,1.04607516759141
1567,1.41912341185722
1568,1.04618403909171
1569,0.907144330152438
1570,1.2251091609033702
1571,0.7812184359416849
1572,1.0587113767586
1573,0.9574257896454671
1574,0.9717598563855671
1575,0.867113976847813
1576,0.963228856255662
1577,0.8826824063599409
1578,0.853831345544937
1579,0.9501342395821509
1580,0.930350203856283
1581,0.882633141906884
1582,1.13463706237521
1583,0.8456816148667571
1584,0.743108304312309
1585,0.981410711679307
1586,1.7986904726467299
1587,0.86254162953199
1588,1.16117513161867
1589,1.0089940890457
1590,0.7397068139604771
1591,1.17449358175917
1592,1.1530411170154
1593,0.8370791492154069
1594,0.76409738260159
1595,0.9112467214309891
1596,0.9912362230702841
1597,1.26583200191051
1598,0.8354905155562671
1599,1.18867809193683
1600,0.8744329982907809
1601,0.803147758841518
1602,0.8979339317388441
1603,0.8831939506114829
1604,0.7804646375201241
1605,0.7772707505431229
1606,0.79172892992091
1607,0.816034922974209
1608,0.861904660637815
1609,1.22996313730014
1610,0.869579342729581
1611,0.877067031651085
1612,1.0019502172102
1613,0.9889427664995291
1614,0.877225403302973
1615,1.05544660355928
1616,1.4241838812901202
1617,1.30206957420971
1618,1.1418868703835099
1619,1.049221506031
1620,0.870533074461399
1621,0.791207573632126
1622,0.707877869690079
1623,1.58135523060528
1624,1.8238224278213302
1625,0.931058180796587
1626,5.428916419334411
1627,0.6740778729934821
1628,1.0576059358096899
1629,1.45804026739937
1630,0.7906196895464009
1631,0.9633072819071791
1632,0.8918009747527871
1633,1.12404719814139
1634,0.844632420336898
1635,1.17578241708349
1636,1.06556408399884
1637,0.785635803859441
1638,0.7717041018774459
1639,1.53314984781897
1640,1.2365200481365202
1641,0.7365646831419909
1642,1.1580272002686
1643,1.1949171266871002
1644,0.8365366198016221
1645,2.32345284181287
1646,1.1803538730638998
1647,0.866139397097057
1648,0.7431800231317859
1649,0.989266118934583
1650,0.74357459941016
1651,1.16951224757691
1652,0.788709988738571
1653,0.8753296708841359
1654,0.8547441758169431
1655,1.0128659549235999
1656,2.65792094201259
1657,0.9045502863241529
1658,1.3973702879257301
1659,1.5402684089775902
1660,0.8834963305422071
1661,1.25607292720889
1662,1.18382127176866
1663,0.758441120688667
1664,1.06163312622263
1665,0.795082605393943
1666,0.924498766712379
1667,0.837750315926833
1668,0.96795457520216
1669,0.805770366760785
1670,1.4487610056418
1671,0.9657193662724591
1672,1.17597897560492
1673,0.9273862137508531
1674,0.908135850309861
1675,1.27931452561313
1676,0.908895023062097
1677,0.76722113388388
1678,0.93007266819666
1679,1.00915365428988
1680,1.10448987149374
1681,1.21063852076784
1682,1.0423483377584701
1683,0.97869713413076
1684,0.952472066755342
1685,1.0243284749209
1686,0.965219493259542
1687,0.88918985055888
1688,1.06073269110339
1689,0.8870893992835029
1690,2.89351213364372
1691,1.2965776169091399
1692,0.758531593695478
1693,1.76440658983289
1694,0.886713124112735
1695,0.9918137072173799
1696,0.7422178111843399
1697,1.05511838092908
1698,0.801192156397717
1699,1.05224026612117
1700,2.2253397698660002
1701,1.1246907053818
1702,1.1729698049352901
1703,1.35995442684284
1704,0.9084024646747421
1705,0.977404244774958
1706,1.35339564168914
1707,0.9139483788927579
1708,0.8644722354087941
1709,0.702898448290436
1710,2.73065400227795
1711,0.8494635610846191
1712,0.8974515862970792
1713,0.9223637394728591
1714,0.9298722647163381
1715,1.3181637894079
1716,1.2672398411580599
1717,0.8628414743670401
1718,0.8179821639494391
1719,1.14335752221536
1720,1.02252714024839
1721,0.732510548008987
1722,0.8602116631889549
1723,0.7013718843418678
1724,0.7008796205903751
1725,1.07937399711942
1726,0.673949414948744
1727,1.19812696762233
1728,1.9785660795766598
1729,0.9857150681120479
1730,1.60437467315234
1731,0.7083211270749059
1732,1.3689125646489502
1733,1.08341170413429
1734,1.08810358794149
1735,0.6908230154785531
1736,0.7692635096211641
1737,0.850080039523838
1738,0.8137299275696391
1739,0.709232076601768
1740,0.7613543269550942
1741,1.11963361226685
1742,0.744418323293889
1743,0.783658770318504
1744,0.7940754335842791
1745,0.8744742696245559
1746,0.6865257414538489
1747,1.2173556958388
1748,1.14594535735647
1749,0.6452108370604279
1750,0.7821349755508259
1751,0.7646041008867641
1752,1.02541283820098
1753,0.87408479449794
1754,0.8284911547110451
1755,1.64269551877159
1756,1.46927106285395
1757,1.08756609518474
1758,1.79420472798448
1759,0.946534904141655
1760,0.881702677052871
1761,1.2755946823423001
1762,0.9573911778950509
1763,1.4634555846915098
1764,1.03383486183129
1765,0.887882038306486
1766,1.91101213803158
1767,0.7995055087088871
1768,0.8297868052456109
1769,0.8173354081436841
1770,0.7593280833575501
1771,1.03566204941719
1772,1.1121962756252899
1773,1.46276867839456
1774,1.1027453228047701
1775,0.667685280186287
1776,0.887127147204009
1777,0.9883004139195849
1778,1.2951182231685001
1779,1.22822885217382
1780,0.810568565331352
1781,0.766295193742589
1782,0.8978947049480179
1783,0.9246436774235269
1784,1.44925387317591
1785,0.9675138436954158
1786,0.788269193625693
1787,4.10178665079098
1788,1.37682160561669
1789,0.8367060947852841
1790,0.879323892276777
1791,0.8640511419440671
1792,0.867911527222999
1793,0.8721244711068331
1794,0.757827092396764
1795,0.8269643941071421
1796,1.0699612260902198
1797,0.747157174252377
1798,1.2049614303493899
1799,1.66037341415086
1800,1.19048711299967
1801,0.7520005771846959
1802,0.946147309903338
1803,0.838422285298715
1804,0.8381529964760349
1805,0.7554935681457778
1806,1.3321622696478999
1807,0.9736207878374681
1808,0.736323432793136
1809,0.801264964146948
1810,1.12433675577214
1811,0.7436618084826501
1812,0.6802778942329039
1813,0.9305165175226401
1814,0.9350690247570729
1815,0.869275661101192
1816,1.02151823747605
1817,0.9672964171631899
1818,1.0018433836301999
1819,1.1232155907503
1820,1.04588639150569
1821,0.7763511425705609
1822,0.87149350941763
1823,0.853304352590425
1824,0.735357727926677
1825,1.13137005372617
1826,0.7656966548464941
1827,0.8244179742523159
1828,1.0864722464435899
1829,0.7619015850558559
1830,1.0610207590165999
1831,0.978592448007047
1832,1.03889574555179
1833,1.67612158266206
1834,0.7197682573949771
1835,0.7960248159109929
1836,1.23985596053348
1837,0.753470707980999
1838,0.832427188638757
1839,0.6941148844341309
1840,0.7786181197376659
1841,1.48577348247375
1842,1.18268195704317
1843,0.791284253790282
1844,1.03020792983044
1845,0.657580371282149
1846,1.61735753792815
1847,0.786762835262826
1848,0.949133206819964
1849,0.918611239592108
1850,1.02069793476322
1851,1.00963067093577
1852,0.845381301996539
1853,1.07899073067147
1854,1.05517875846539
1855,1.076303387681
1856,1.09135453617748
1857,1.46473744818902
1858,0.6642572944753989
1859,0.7303966438813779
1860,1.21578211878244
1861,0.790978293296093
1862,0.7086206133996681
1863,1.23235946312045
1864,1.06889723683116
1865,1.10016928283892
1866,0.9051797901437719
1867,1.18504904078555
1868,0.8740856476841059
1869,0.896585573860745
1870,0.730772814037402
1871,0.7340320750281909
1872,0.8423189654248059
1873,1.01127241127365
1874,0.8610114951034109
1875,1.03888232339093
1876,1.21342863263023
1877,1.50663845386666
1878,0.7178146715505941
1879,1.13492423430567
1880,1.27665444085974
1881,1.00939219457129
1882,0.8814591892319641
1883,0.9984066300137359
1884,1.06054726453243
1885,1.7868096328783603
1886,0.7624320097789871
1887,1.16781965476159
1888,1.14834724813078
1889,0.969382369364287
1890,0.9289389589603929
1891,0.98531345910209
1892,0.756160960398356
1893,0.952878630777905
1894,0.756924056120847
1895,0.8461119128801858
1896,1.4987026957823602
1897,0.808209935182029
1898,1.2983277061603
1899,0.9456059541785441
1900,1.33931551078245
1901,0.7614499647954529
1902,1.03960903471373
1903,1.17598337128489
1904,0.9704941362501609
1905,1.1705769662395602
1906,1.14314230406578
1907,0.881951247934629
1908,1.0032549549316099
1909,0.870965652376581
1910,1.95300700724594
1911,0.9553038750686851
1912,0.945561632635873
1913,1.7553244943665502
1914,1.1767189634547401
1915,1.6271327379311398
1916,1.35261887961396
1917,1.0753747781887
1918,0.8781329335653589
1919,0.96813880109513
1920,0.942024589882269
1921,0.764399004517713
1922,0.9785514980065401
1923,0.9764398809971371
1924,1.1190016145419701
1925,0.926739826952866
1926,1.38512809517615
1927,1.04421623768043
1928,1.0677212572552601
1929,0.774141641568447
1930,1.08987421319875
1931,0.840222475776514
1932,1.1556318077621002
1933,1.27269646771138
1934,1.13647877889761
1935,0.9012516428101669
1936,0.746579748544735
1937,1.23984135557549
1938,3.5660617397314303
1939,1.10422515332369
1940,1.07705264533982
1941,0.8273156990921999
1942,0.9518239753994241
1943,0.7723124210198629
1944,0.8810459066169051
1945,1.4760633723246899
1946,1.0110173910706801
1947,1.45801677197219
1948,1.5186783367921999
1949,0.8834502273331429
1950,0.763543925115457
1951,1.93884221473107
1952,0.9702162719161279
1953,0.924584463499895
1954,1.19292638671208
1955,0.96785661965268
1956,1.0288692154427599
1957,0.817111813175548
1958,0.859453226418968
1959,1.03164928907809
1960,0.7827729008243259
1961,1.1512874911353799
1962,0.8539603200076998
1963,0.913838061789882
1964,0.962759005008879
1965,1.1265429823863602
1966,0.9732706879469749
1967,0.935517018935914
1968,1.1364233575953702
1969,0.9680407503067391
1970,0.9580794171771351
1971,1.11832864182706
1972,1.08162437613311
1973,0.704278668580092
1974,1.34203632275196
1975,1.0828411718611801
1976,0.8642894508974449
1977,1.06849799017052
1978,1.50470507738305
1979,0.893184881330059
1980,1.3775749454193402
1981,0.7544321721903772
1982,0.9230183373472491
1983,1.21225412474057
1984,1.35253856161197
1985,0.831069394142952
1986,1.0195522081486
1987,0.8905549451059641
1988,1.00264462529888
1989,1.01947216151669
1990,1.4168959782334398
1991,0.975082234816698
1992,1.12473417608352
1993,1.12965964024549
1994,0.757242680148484
1995,0.888195610897032
1996,0.997113520365006
1997,1.22527852650452
1998,0.7949745224261859
1999,1.1615646368205501
2000,1.1118856473477199
2001,0.723328057812121
2002,0.6908382114668371
2003,0.9830916169814341
2004,1.2686643625984
2005,0.993660540839335
2006,0.8233741095612779
2007,1.73604334706308
2008,1.05105730447888
2009,1.53792418567
2010,1.36767480134516
2011,0.87798102128118
2012,0.8171628154799742
2013,1.3184570645904399
2014,0.905296656491198
2015,1.0560618273237599
2016,0.837695997448585
2017,1.30306784268627
2018,2.01730711680577
2019,0.850191687959992
2020,0.8214745887403541
2021,0.861239938071602
2022,0.8550954152778679
2023,1.0673893063262099
2024,0.868802342630716
2025,1.1501892597700802
2026,1.7897119902296401
2027,0.8295509691165991
2028,0.8084341908944741
2029,1.01263236904155
2030,0.7811902370794129
2031,1.28649236421641
2032,2.01240543466814
2033,1.4321587937626499
2034,1.46924130516186
2035,1.36393908600014
2036,2.16166275696891
2037,0.7375611954410942
2038,0.8058757705007121
2039,0.8770598834910249
2040,1.21392772019872
2041,1.13460541359302
2042,3.06046535762641
2043,0.921604642324614
2044,1.0505105294115
2045,1.2463846692150802
2046,0.984290169999199
2047,0.869170698661086
2048,0.9151765960246859
2049,1.29282697913789
2050,1.22684806766859
2051,0.836293872162978
2052,0.8683621994590649
2053,0.8821783958086609
2054,1.3420067780316698
2055,1.0734997853336998
2056,0.739516942153367
2057,1.7601397814642799
2058,1.1335848895116498
2059,0.9256549026000319
2060,1.47720306855409
2061,1.48201268357966
2062,1.0889660975193
2063,1.0796397946214
2064,0.92706709830522
2065,0.9050504457465159
2066,1.5133155736263701
2067,0.736658508779698
2068,1.3030107003713
2069,1.1393688401368602
2070,0.7419641571805251
2071,0.8789202915023421
2072,1.1434169611357
2073,1.6671437094981598
2074,1.01204233100213
2075,0.9834623994416659
2076,0.928914168907178
2077,0.978263786444208
2078,1.20352300841105
2079,1.04407542576445
2080,0.8574172987845029
2081,1.84698362095371
2082,0.871791568896661
2083,1.0995938872856499
2084,1.2920202453541898
2085,0.9053401734759259
2086,1.28635245754725
2087,1.18111137789208
2088,1.31313294750889
2089,1.09105734808542
2090,1.12719074038398
2091,1.2544978203566002
2092,1.0004888832723
2093,0.874411706427511
2094,1.28698679119469
2095,1.15289057870477
2096,1.5965321636943
2097,0.934841617183391
2098,1.0836691632239799
2099,0.9525424539868911
2100,0.8426407790011141
2101,2.46557593629015
2102,0.9296267782122549
2103,1.1620941053426999
2104,1.2347334576122
2105,1.31123232193067
2106,1.0983022196861898
2107,1.5069701327570502
2108,1.1938273772411
2109,1.02373782990768
2110,1.18972031781915
2111,1.05876886889889
2112,1.10503437655519
2113,0.9809851858291591
2114,0.918547595602449
2115,0.943197196627759
2116,1.11472251750549
2117,0.956071238086261
2118,0.863947481107241
2119,0.8344579176414971
2120,0.961970163622963
2121,0.807337211343402
2122,0.9555493427096521
2123,1.08423005706138
2124,0.888460922661362
2125,0.875796837297542
2126,1.02734167271861
2127,0.7667343254833491
2128,1.31997104815679
2129,1.07604902243958
2130,1.9349514531023002
2131,0.9251203808911159
2132,0.984853283283952
2133,0.9711137516765821
2134,0.798789060755486
2135,0.919384757701672
2136,0.8891421432804569
2137,0.9743309405999321
2138,1.0345002425449699
2139,1.14888844804062
2140,0.966731331789442
2141,1.1306423627828799
2142,0.7147492950935191
2143,1.25510718049379
2144,0.975632422177946
2145,0.8064339912600692
2146,1.9613849430568897
2147,0.9804443252753929
2148,1.56992478495936
2149,0.9805845513443809
2150,1.14254311220368
2151,0.718904683322008
2152,0.889855727408772
2153,0.677880624919861
2154,1.22329562744551
2155,1.10940558537436
2156,0.8136782335706401
2157,1.0619437984071
2158,0.897582843666548
2159,0.8016692754413121
2160,1.0166294683664598
2161,0.8981312760378249
2162,0.922219742228145
2163,1.6368190608446398
2164,1.42483164993999
2165,0.7983764663088571
2166,1.3771577640823103
2167,1.16214023920231
2168,0.7687487747905859
2169,0.982603725743895
2170,0.696941685765001
2171,1.3234165590701201
2172,0.75610754732082
2173,0.871383363343495
2174,0.8613864151755741
2175,1.34756678171198
2176,1.21220859174319
2177,1.28296390706813
2178,1.0428168879547701
2179,0.728402971611294
2180,1.3359243964609098
2181,1.01159742233245
2182,0.755987773126982
2183,0.782292633531647
2184,1.02227465156454
2185,0.7506365861731
2186,0.714094261865654
2187,1.3266572655024298
2188,0.6829018577936301
2189,1.0372897026086199
2190,0.906108688667983
2191,0.838830726239876
2192,0.7888498456298959
2193,1.01963640979317
2194,0.8701504962634659
2195,1.26732158888289
2196,1.59188387427878
2197,1.05724892105423
2198,1.20739126437151
2199,1.20489825244694
2200,1.3401815856617099
2201,0.996519210847135
2202,0.898156508143846
2203,0.8302434215869381
2204,0.7810318384402809
2205,1.4356755569773998
2206,1.13474455671688
2207,0.7209822966456209
2208,1.13689518864229
2209,1.0759069903178
2210,0.69242729442935
2211,0.8067251734562729
2212,0.7294121697349609
2213,1.06682415412538
2214,0.9083255282594991
2215,1.02853224173761
2216,0.9581482944242349
2217,2.18808799425059
2218,1.13050124814228
2219,1.24418285700607
2220,1.1368359347891202
2221,0.9640225850327719
2222,0.9943114388616658
2223,1.2747862594051298
2224,1.15362091088376
2225,0.790331188262372
2226,1.27572584188683
2227,0.958890438497173
2228,0.7965540223205692
2229,0.7872986287127242
2230,0.94469463252654
2231,0.7722812142314741
2232,0.8966416286927241
2233,1.04114765946605
2234,0.9570995960044159
2235,1.02131543363148
